Company Name,Website,Industry,City,Country,Employees,Annual Revenue,Year Founded,Owner,Title,Email,Phone,LinkedIn,Source List
Blue Ridge Metal Inc.,http://blueridge.com,Metal Fabrication,Nashville,United States,4 employees,476396,2021,Nancy Whitfield,Operations Manager,nancy.whitfield@gmail.com,,linkedin.com/company/blueridge,trade_assoc
CASTELLANOS & MARCHETTI LTD,,Staffing & Recruiting,Milwaukee,United States,,"$5,448,364",2004,Kevin Castellanos,Owner,,(411) 483-7175,,chamber_export
Ngo Accounting Ltd,http://ngoaccounting.com,Accounting Services,Raleigh,United States,8,"1,060,128",,Donna Ngo,General Manager,dngo@ngoaccounting.com,(856) 608-8463,linkedin.com/company/ngoaccounting,trade_assoc
Stanek & Delgado Co.,stanekdelgado.com,Landscaping,Indianapolis,United States,120 employees,"26,452,200",1996,,Founder,,+12783896426,,trade_assoc
Silverline Waste Ltd,http://silverlinewaste.com,Waste Management,Raleigh,United States,115-125,"11,571,960",2017,Maria Kellerman,Managing Director,mkellerman@silverlinewaste.com,+12099807234,,chamber_export
Harbor Precision Co.,https://www.harborprecision.com,Precision Machining,Orlando,United States,33-43,"5,162,528",,,General Manager,,(775) 876-8186,linkedin.com/company/harborprecision,trade_assoc
Stanek & Ferraro Ltd,,Roofing,Dallas,United States,,25407000,2013,Raymond Stanek,Office Manager,,+16875034644,,chamber_export
Whitfield & Ashworth Co.,http://whitfieldashworth.com,Digital Marketing Agency,Charlotte,United States,,3831426,,Donna Whitfield,General Manager,,(601) 436-9993,,directory_q3
Charlotte HVAC Industries LLC,charlottehvac.com,HVAC,Charlotte,United States,55-65,"$7,134,780",1972,Donna Muldoon,General Manager,info@charlottehvac.com,+13663793942,,trade_assoc
Stanek & Toussaint LLC,stanektoussaint.com,Electrical Contracting,Phoenix,United States,31,"6,392,076",,,Office Manager,nstanek@stanektoussaint.com,,,chamber_export
Summit Metal LLC,summitmetal.com,Metal Fabrication,Dallas,United States,,,2009,,General Manager,mtoussaint@summitmetal.com,,,trade_assoc
Tampa Landscaping & Sons Ltd,www.tampalandscaping.com,Landscaping,Tampa,United States,4,$0.7M,,Maria Muldoon,VP Operations,maria.muldoon@gmail.com,+19189812349,,trade_assoc
Silverline Software Ltd,silverlinesoftware.com,Software Consulting,Portland,United States,190 employees,34639470,,James Marchetti,Founder,james.marchetti@gmail.com,(424) 573-5004,linkedin.com/company/silverlinesoftware,chamber_export
Bhatti & Pruitt Inc,bhattipruitt.com,Pest Control,Raleigh,United States,60 employees,"9,655,200",2001,,Office Manager,,(721) 209-9997,linkedin.com/company/bhattipruitt,chamber_export
Austin Landscaping Industries LLC,http://austinlandscaping.com,Landscaping,Austin,United States,,57097560,1991,Walter Delgado,Office Manager,wdelgado@austinlandscaping.com,(943) 695-3210,linkedin.com/company/austinlandscaping,directory_q3
Kellerman Landscaping,https://www.kellermanlandscaping.com,Landscaping,Cleveland,United States,22,$3.4M,2021,David Coyle,,contact@kellermanlandscaping,+15467262632,linkedin.com/company/kellermanlandscaping,chamber_export
Toronto Plumbing Company Ltd,torontoplumbing.com,Plumbing,Toronto,Canada,40-50,7594605,2021,Robert Barrett,Managing Director,robert@torontoplumbing.com,,linkedin.com/company/torontoplumbing,directory_q3
Houston Dental Group Inc.,houstondental.com,Dental Practice,Houston,United States,8 employees,$0.9M,1972,Anne Ferraro,General Manager,contact@houstondental,+18988924996,,directory_q3
Charlotte Staffing Works Co.,charlottestaffing.com,Staffing & Recruiting,Charlotte,United States,335-345,,2021,Nancy Delgado,Owner,info@charlottestaffing.com,+18904302931,linkedin.com/company/charlottestaffing,chamber_export
Summit HVAC Co.,http://summithvac.com,HVAC,Milwaukee,United States,38 employees,8834126,,Miguel Pruitt,,info@summithvac.com,(884) 210-1770,linkedin.com/company/summithvac,trade_assoc
Ironwood Precision LLC,www.ironwoodprecision.com,Precision Machining,Kansas City,United States,340,$77.9M,1996,Ruth Halloran,President,ruth.halloran@gmail.com,(552) 981-5283,,chamber_export
Whitfield & Renner Ltd,http://whitfieldrenner.com,Software Consulting,Charlotte,United States,40-50,4401405,2013,Walter Whitfield,Managing Director,info@whitfieldrenner.com,(514) 579-6275,,trade_assoc
Riverside Real Ltd,https://www.riversidereal.com,Real Estate Brokerage,Phoenix,United States,80-90,"$15,217,805",,Nancy Ivers,President,contact@riversidereal,+14092195564,,chamber_export
Delgado & Ferraro,http://delgadoferraro.com,Auto Repair,Nashville,United States,18,4102218,2013,Linda Delgado,Office Manager,ldelgado@delgadoferraro.com,+16373664234,linkedin.com/company/delgadoferraro,trade_assoc
Kellerman & Lindqvist Inc.,kellermanlindqvist.com,Digital Marketing Agency,Raleigh,United States,40-50,6.19 million,2004,Sharon Kellerman,VP Operations,skellerman@kellermanlindqvist.com,(965) 514-9192,linkedin.com/company/kellermanlindqvist,trade_assoc
Okonkwo & Whitfield LLC,okonkwowhitfield.com,Software Consulting,Orlando,United States,31 employees,5.20 million,2013,Dennis Muldoon,Owner,info@okonkwowhitfield.com,+15286710901,linkedin.com/company/okonkwowhitfield,trade_assoc
Nakamura Auto Ltd,https://www.nakamuraauto.com,Auto Repair,Dallas,United States,120 employees,"20,728,080",1984,,Operations Manager,lnakamura@nakamuraauto.com,+14293408819,,trade_assoc
Columbus Dental & Sons LLC,https://www.columbusdental.com,Dental Practice,Columbus,United States,60 employees,12591300,2017,Susan Ivers,Founder,info@columbusdental.com,(828) 536-8072,,directory_q3
Barrett & Marchetti,,Real Estate Brokerage,Austin,United States,,"2,008,494",,,VP Operations,,(283) 348-4680,,chamber_export
Columbus Precision Company,columbusprecision.com,Precision Machining,Columbus,United States,8 employees,1780504,1996,,President,info@columbusprecision.com,+13498836920,linkedin.com/company/columbusprecision,directory_q3
Stanek & Whitfield Inc.,stanekwhitfield.com,Waste Management,Cleveland,United States,85,$14.3M,2001,Sharon Pruitt,General Manager,spruitt@stanekwhitfield.com,(925) 355-5724,,directory_q3
Riverside Auto Inc.,http://riversideauto.com,Auto Repair,Portland,United States,120,,1991,Kevin Pruitt,,kevin@riversideauto.com,(790) 355-3844,,chamber_export
Orlando Digital Group Inc.,orlandodigital.com,Digital Marketing Agency,Orlando,United States,31,"7,344,985",1984,Gloria Whitfield,,gwhitfield@orlandodigital.com,,,directory_q3
Vasquez & Marchetti Inc.,https://www.vasquezmarchetti.com,Veterinary Services,Portland,United States,45,$6.0M,2017,Linda Vasquez,Operations Manager,lvasquez@vasquezmarchetti.com,(709) 430-8555,linkedin.com/company/vasquezmarchetti,trade_assoc
Orlando Event Partners LLC,orlandoevent.com,Event Planning,Orlando,United States,22,"$3,162,962",2017,Ruth Halloran,,ruth@orlandoevent.com,(660) 637-3859,,directory_q3
Raleigh Pest Company Inc.,www.raleighpest.com,Pest Control,Raleigh,United States,,5.13 million,1991,Donna Renner,General Manager,,+14113183028,linkedin.com/company/raleighpest,trade_assoc
Lindqvist Pest,http://lindqvistpest.com,Pest Control,Dallas,United States,120,$27.0M,2004,David Lindqvist,Owner,david@lindqvistpest.com,+19358566125,,trade_assoc
Stanek & Vasquez,http://stanekvasquez.com,Event Planning,Milwaukee,United States,,17434560,2013,,Office Manager,,+17202023698,,trade_assoc
Vasquez & Stanek Ltd,,Electrical Contracting,Columbus,United States,,"$8,579,488",2001,Dennis Vasquez,Operations Manager,,(360) 390-5777,,chamber_export
Milwaukee Real Group,www.milwaukeereal.com,Real Estate Brokerage,Milwaukee,United States,4,618832,1972,Raymond Ngo,,info@milwaukeereal.com,(962) 207-8000,linkedin.com/company/milwaukeereal,trade_assoc
Summit Metal LLC,https://www.summitmetal.com,Metal Fabrication,Milwaukee,United States,8 employees,"1,383,776",2017,Kevin Ferraro,Owner,kferraro@summitmetal.com,,linkedin.com/company/summitmetal,chamber_export
Nakamura Event Inc.,https://www.nakamuraevent.com,Event Planning,Tucson,United States,85 employees,"13,076,315",1972,Susan Nakamura,Founder,snakamura@nakamuraevent.com,,linkedin.com/company/nakamuraevent,chamber_export
Denver Software Partners Co.,denversoftware.com,Software Consulting,Denver,United States,45 employees,10553805,,Gloria Ngo,VP Operations,gngo@denversoftware.com,(395) 763-7370,,directory_q3
Kellerman Commercial Co.,https://www.kellermancommercial.com,Commercial Janitorial,Milwaukee,United States,22,2903978,1972,Linda Kellerman,Owner,linda.kellerman@gmail.com,+12202051244,,chamber_export
WHITFIELD AUTO,http://whitfieldauto.com,Auto Repair,Toronto,Canada,,8398440,2017,Linda Whitfield,,,+14477405775,,chamber_export
Halloran Third LLC,www.halloranthird.com,Third Party Logistics,Columbus,United States,185-195,"$37,476,550",,,Founder,nhalloran@halloranthird.com,(578) 661-3319,,chamber_export
Muldoon & Ashworth Inc,http://muldoonashworth.com,Roofing,Kansas City,United States,80-90,11774200,2017,David Muldoon,VP Operations,dmuldoon@muldoonashworth.com,(653) 598-4133,,trade_assoc
Riverside Third Co.,www.riversidethird.com,Third Party Logistics,Columbus,United States,45,4819725,,Maria Ferraro,President,maria.ferraro@gmail.com,(307) 477-4064,linkedin.com/company/riversidethird,trade_assoc
Tampa Roofing & Sons Inc.,http://tamparoofing.com,Roofing,Tampa,United States,85 employees,11.98 million,1996,Robert Kellerman,General Manager,,+17456715012,,directory_q3
Granite Plumbing Co.,https://www.graniteplumbing.com,Plumbing,Orlando,United States,190 employees,36623070,1984,Dennis Renner,Operations Manager,drenner@graniteplumbing.com,+12357866811,linkedin.com/company/graniteplumbing,chamber_export
Ashworth & Barrett Co.,https://www.ashworthbarrett.com,Digital Marketing Agency,Sacramento,United States,40-50,7.99 million,2001,,,contact@ashworthbarrett,,linkedin.com/company/ashworthbarrett,trade_assoc
Indianapolis Accounting Group Inc,http://indianapolisaccounting.com,Accounting Services,Indianapolis,United States,60,,2021,Gloria Ashworth,Operations Manager,,,,directory_q3
Cardinal Roofing Ltd,cardinalroofing.com,Roofing,Nashville,United States,8,1577576,2001,Hector Ngo,,info@cardinalroofing.com,+13665328980,linkedin.com/company/cardinalroofing,directory_q3
Bhatti Waste Inc.,bhattiwaste.com,Waste Management,Kansas City,United States,1-9,,2021,Patricia Delgado,Managing Director,patricia.delgado@gmail.com,(556) 451-3354,,directory_q3
Orlando Electrical Group Inc,orlandoelectrical.com,Electrical Contracting,Orlando,United States,80-90,"$19,599,045",1972,Dennis Barrett,General Manager,dennis.barrett@gmail.com,(533) 464-7643,linkedin.com/company/orlandoelectrical,chamber_export
Summit Metal,summitmetal.com,Metal Fabrication,Cleveland,United States,45,"6,058,845",,,President,tdelgado@summitmetal.com,(306) 725-7820,linkedin.com/company/summitmetal,trade_assoc
Whitfield Digital Co.,https://www.whitfielddigital.com,Digital Marketing Agency,Denver,United States,115-125,,1972,Robert Vasquez,VP Operations,rvasquez@whitfielddigital.com,+18250472606,linkedin.com/company/whitfielddigital,chamber_export
Silverline Precision Inc,www.silverlineprecision.com,Precision Machining,Cleveland,United States,340 employees,"45,622,220",2021,Patricia Renner,President,,(567) 345-9968,linkedin.com/company/silverlineprecision,trade_assoc
Ironwood Software Inc,ironwoodsoftware.com,Software Consulting,Tampa,United States,60,,,,,raymond.kellerman@gmail.com,,linkedin.com/company/ironwoodsoftware,directory_q3
Phoenix Dental Partners LLC,phoenixdental.com,Dental Practice,Phoenix,United States,31 employees,,,Ruth Whitfield,Managing Director,rwhitfield@phoenixdental.com,+17755321642,,chamber_export
Bhatti Precision Inc,http://bhattiprecision.com,Precision Machining,Manchester,United Kingdom,120,25866840,2021,,,,+17749337955,,trade_assoc
Riverside HVAC LLC,riversidehvac.com,HVAC,Portland,United States,26 employees,3.03 million,,Linda Ivers,Founder,livers@riversidehvac.com,+15533613445,linkedin.com/company/riversidehvac,trade_assoc
KANSAS CITY VETERINARY SYSTEMS,http://kansascity.com,Veterinary Services,Kansas City,United States,,1084376,1984,Dennis Castellanos,Operations Manager,,(767) 679-2105,,chamber_export
Marchetti & Renner Ltd,https://www.marchettirenner.com,Commercial Janitorial,Denver,United States,335-345,53.81 million,1996,Miguel Whitfield,President,info@marchettirenner.com,,linkedin.com/company/marchettirenner,trade_assoc
Harbor HVAC LLC,http://harborhvac.com,HVAC,Tampa,United States,85 employees,$19.5M,1991,,General Manager,info@harborhvac.com,+13341939626,linkedin.com/company/harborhvac,trade_assoc
Toussaint Auto Co.,toussaintauto.com,Auto Repair,Portland,United States,85,"7,932,795",2021,Gloria Ivers,Managing Director,givers@toussaintauto.com,,linkedin.com/company/toussaintauto,directory_q3
Ivers Roofing Inc.,https://www.iversroofing.com,Roofing,Tampa,United States,17-27,2520100,2017,,President,divers@iversroofing.com,+18400115699,,directory_q3
Blue Ridge Accounting LLC,http://blueridge.com,Accounting Services,Austin,United States,7-17,1447356,2013,Patricia Barrett,VP Operations,pbarrett@blueridge.com,+16058200111,,trade_assoc
Nakamura Roofing LLC,www.nakamuraroofing.com,Roofing,Houston,United States,26-36,"$7,200,587",2004,Patricia Nakamura,VP Operations,patricia@nakamuraroofing.com,+17041282826,linkedin.com/company/nakamuraroofing,directory_q3
Silverline Commercial Inc,https://www.silverlinecommercial.com,Commercial Janitorial,Phoenix,United States,60 employees,"$14,290,560",1984,Thomas Ferraro,Office Manager,info@silverlinecommercial.com,(221) 660-1099,linkedin.com/company/silverlinecommercial,chamber_export
Pruitt & Nakamura Ltd,pruittnakamura.com,Plumbing,Orlando,United States,,4.13 million,,Walter Pruitt,Owner,,+15308455925,,chamber_export
Okonkwo Pest,https://www.okonkwopest.com,Pest Control,Austin,United States,8,0.90 million,2021,Patricia Okonkwo,President,info@okonkwopest.com,+13945489442,,directory_q3
Harbor Metal Co.,www.harbormetal.com,Metal Fabrication,Phoenix,United States,18 employees,2546910,,Patricia Halloran,Founder,phalloran@harbormetal.com,+15537937694,linkedin.com/company/harbormetal,chamber_export
Ngo & Halloran Ltd,www.ngohalloran.com,Accounting Services,Phoenix,United States,26 employees,$5.9M,2004,,Office Manager,info@ngohalloran.com,(513) 950-5160,linkedin.com/company/ngohalloran,trade_assoc
FERRARO & BHATTI LTD,,Third Party Logistics,Phoenix,United States,,"$2,310,888",1991,David Ferraro,Operations Manager,,+14037204363,,chamber_export
Cardinal Digital Inc.,cardinaldigital.com,Digital Marketing Agency,Toronto,Canada,31 employees,4351966,2021,Thomas Marchetti,Operations Manager,tmarchetti@cardinaldigital.com,+12017296469,,trade_assoc
Nakamura Pest Inc.,nakamurapest.com,Pest Control,Toronto,Canada,13-23,3672864,2009,Gloria Nakamura,VP Operations,gnakamura@nakamurapest.com,(526) 437-4470,,trade_assoc
Ngo & Bhatti Co.,https://www.ngobhatti.com,Metal Fabrication,Sacramento,United States,13-23,"3,922,074",2004,Donna Ngo,Managing Director,info@ngobhatti.com,(737) 891-3696,linkedin.com/company/ngobhatti,chamber_export
Vasquez Landscaping Inc.,vasquezlandscaping.com,Landscaping,Nashville,United States,26,$4.2M,1984,Robert Vasquez,VP Operations,info@vasquezlandscaping.com,+15841815727,linkedin.com/company/vasquezlandscaping,trade_assoc
Austin Commercial Company Inc,https://www.austincommercial.com,Commercial Janitorial,Austin,United States,31,"$7,208,647",2001,Maria Delgado,Office Manager,maria@austincommercial.com,+18671357983,,chamber_export
Pruitt & Pruitt LLC,http://pruittpruitt.com,Staffing & Recruiting,Nashville,United States,60 employees,5678160,2021,Carol Pruitt,VP Operations,cpruitt@pruittpruitt.com,+18029639655,,trade_assoc
Ivers & Ashworth Inc.,www.iversashworth.com,Auto Repair,Denver,United States,190,,1996,Walter Ivers,Founder,wivers@iversashworth.com,,,directory_q3
Nakamura & Barrett Co.,nakamurabarrett.com,Waste Management,Phoenix,United States,45,7886610,2021,Gloria Nakamura,,info@nakamurabarrett.com,(227) 667-2142,linkedin.com/company/nakamurabarrett,directory_q3
Stanek & Castellanos Inc,http://stanekcastellanos.com,Third Party Logistics,Milwaukee,United States,17-27,2824206,2021,,VP Operations,sstanek@stanekcastellanos.com,+18774069928,,chamber_export
Toussaint Veterinary,https://www.toussaintveterinary.com,Veterinary Services,Tucson,United States,40-50,"$10,477,530",,Miguel Ivers,Founder,mivers@toussaintveterinary.com,+12757070838,linkedin.com/company/toussaintveterinary,trade_assoc
Tampa Event Works Inc.,www.tampaevent.com,Event Planning,Tampa,United States,31,4265600,,Maria Okonkwo,Office Manager,info@tampaevent.com,(325) 289-7007,,chamber_export
Coyle Commercial Ltd,www.coylecommercial.com,Commercial Janitorial,Kansas City,United States,31 employees,,,Raymond Coyle,Owner,,,linkedin.com/company/coylecommercial,directory_q3
Manchester Precision Company Co.,www.manchesterprecision.com,Precision Machining,Manchester,United Kingdom,7-17,$2.5M,1984,Miguel Ngo,Office Manager,miguel@manchesterprecision.com,+15723964161,,trade_assoc
Vasquez Plumbing,http://vasquezplumbing.com,Plumbing,Tucson,United States,38,"$6,483,408",2017,Thomas Vasquez,Office Manager,thomas.vasquez@gmail.com,,linkedin.com/company/vasquezplumbing,chamber_export
Indianapolis Staffing Works Co.,https://www.indianapolisstaffing.com,Staffing & Recruiting,Indianapolis,United States,7-17,1.71 million,,Walter Bhatti,President,wbhatti@indianapolisstaffing.com,(536) 448-1381,linkedin.com/company/indianapolisstaffing,chamber_export
Toussaint & Bhatti,http://toussaintbhatti.com,Pest Control,Cleveland,United States,80-90,"17,294,185",1991,Maria Toussaint,General Manager,contact@toussaintbhatti,,linkedin.com/company/toussaintbhatti,chamber_export
Delgado Waste Inc.,https://www.delgadowaste.com,Waste Management,Denver,United States,1-9,,2021,Sharon Delgado,,sharon@delgadowaste.com,(204) 524-4171,linkedin.com/company/delgadowaste,directory_q3
Ivers & Bhatti Ltd,iversbhatti.com,Electrical Contracting,Indianapolis,United States,18,"$3,886,326",,Ruth Whitfield,Operations Manager,info@iversbhatti.com,+17417179047,linkedin.com/company/iversbhatti,directory_q3
Blue Ridge Real Inc.,http://blueridge.com,Real Estate Brokerage,Charlotte,United States,115-125,19779480,,Carol Ivers,General Manager,civers@blueridge.com,,,directory_q3
Ngo & Renner,https://www.ngorenner.com,Dental Practice,Columbus,United States,26-36,3.21 million,2004,Raymond Ngo,Owner,raymond.ngo@gmail.com,(575) 746-3082,,trade_assoc
Raleigh HVAC Systems Co.,http://raleighhvac.com,HVAC,Raleigh,United States,13-23,4.26 million,,Donna Bhatti,Office Manager,contact@raleighhvac,,linkedin.com/company/raleighhvac,trade_assoc
Riverside Event Inc.,https://www.riversideevent.com,Event Planning,Tucson,United States,,33745330,2017,Raymond Muldoon,Operations Manager,raymond@riversideevent.com,+12879796396,,directory_q3
Tucson Roofing & Sons Ltd,www.tucsonroofing.com,Roofing,Tucson,United States,26,$5.5M,1972,Linda Pruitt,VP Operations,info@tucsonroofing.com,+18631329348,linkedin.com/company/tucsonroofing,chamber_export
Muldoon Auto Inc,http://muldoonauto.com,Auto Repair,Indianapolis,United States,8 employees,$1.6M,,Maria Muldoon,General Manager,info@muldoonauto.com,+19492577394,,trade_assoc
Castellanos & Bhatti LLC,http://castellanosbhatti.com,Staffing & Recruiting,Dallas,United States,8 employees,"1,708,144",1972,James Toussaint,Operations Manager,,+18340445105,,chamber_export
Halloran Accounting Co.,http://halloranaccounting.com,Accounting Services,Orlando,United States,,,2013,David Nakamura,Managing Director,dnakamura@halloranaccounting.com,+19500918339,,trade_assoc
Kansas City Veterinary Systems,http://kansascity.com,Veterinary Services,Kansas City,United States,8 employees,1084376,1984,Dennis Castellanos,Operations Manager,info@kansascity.com,(767) 679-2105,,directory_q3
Ironwood Staffing Co.,ironwoodstaffing.com,Staffing & Recruiting,Houston,United States,1-9,0.91 million,2017,,,ctoussaint@ironwoodstaffing.com,,linkedin.com/company/ironwoodstaffing,directory_q3
Ferraro & Halloran Ltd,www.ferrarohalloran.com,Software Consulting,Houston,United States,120 employees,$18.6M,1984,,General Manager,info@ferrarohalloran.com,+15257172953,,chamber_export
Nakamura & Pruitt Co.,www.nakamurapruitt.com,Dental Practice,Austin,United States,190 employees,$26.8M,2004,,Operations Manager,rnakamura@nakamurapruitt.com,+14851529947,linkedin.com/company/nakamurapruitt,trade_assoc
Cardinal Digital Inc.,http://cardinaldigital.com,Digital Marketing Agency,Nashville,United States,,4.42 million,2009,Robert Castellanos,Managing Director,rcastellanos@cardinaldigital.com,+14700908811,linkedin.com/company/cardinaldigital,chamber_export
Coyle Auto Inc.,http://coyleauto.com,Auto Repair,Phoenix,United States,60,"$10,834,920",1996,Ruth Coyle,Operations Manager,info@coyleauto.com,+18568177836,,trade_assoc
Dallas Event Partners Ltd,dallasevent.com,Event Planning,Dallas,United States,13-23,$2.0M,1984,Robert Nakamura,Managing Director,robert@dallasevent.com,(274) 701-1051,linkedin.com/company/dallasevent,chamber_export
Kansas City Event Contractors,http://kansascity.com,Event Planning,Kansas City,United States,31 employees,,2013,Patricia Okonkwo,Founder,patricia.okonkwo@gmail.com,(393) 362-1092,linkedin.com/company/kansascity,directory_q3
Summit Metal,,Metal Fabrication,Cleveland,United States,,"6,058,845",,,President,,(306) 725-7820,linkedin.com/company/summitmetal,chamber_export
Austin Roofing Services,https://www.austinroofing.com,Roofing,Austin,United States,38 employees,7.07 million,2009,Sharon Stanek,Operations Manager,sstanek@austinroofing.com,(840) 321-4175,linkedin.com/company/austinroofing,chamber_export
Bhatti & Pruitt LLC,bhattipruitt.com,Digital Marketing Agency,Tucson,United States,3-13,1.28 million,,,Office Manager,tashworth@bhattipruitt.com,+19830615128,linkedin.com/company/bhattipruitt,directory_q3
Barrett & Kellerman,barrettkellerman.com,Real Estate Brokerage,Kansas City,United States,18 employees,1771434,2013,Miguel Barrett,Founder,miguel.barrett@gmail.com,+15861804995,linkedin.com/company/barrettkellerman,chamber_export
Ironwood Waste,ironwoodwaste.com,Waste Management,Cleveland,United States,60 employees,6476940,2013,Frank Toussaint,Owner,info@ironwoodwaste.com,(468) 235-7460,,directory_q3
Nakamura Dental Inc.,https://www.nakamuradental.com,Dental Practice,Raleigh,United States,55-65,5.59 million,1991,Gloria Muldoon,VP Operations,info@nakamuradental.com,(716) 761-9274,linkedin.com/company/nakamuradental,directory_q3
Nashville Software Systems Ltd,https://www.nashvillesoftware.com,Software Consulting,Nashville,United States,7-17,1170096,1984,,General Manager,info@nashvillesoftware.com,,,chamber_export
Charlotte Waste Contractors Inc,charlottewaste.com,Waste Management,Charlotte,United States,45,"6,177,915",2017,Nancy Vasquez,Founder,info@charlottewaste.com,+13878126654,,directory_q3
Pruitt & Nakamura Ltd,pruittnakamura.com,Plumbing,Orlando,United States,45 employees,4.13 million,,Walter Pruitt,Owner,wpruitt@pruittnakamura.com,+15308455925,,chamber_export
Ironwood Pest Co.,www.ironwoodpest.com,Pest Control,Portland,United States,38,6.45 million,1991,Miguel Muldoon,Founder,info@ironwoodpest.com,(863) 214-5019,,trade_assoc
Austin Plumbing Services,https://www.austinplumbing.com,Plumbing,Austin,United States,4 employees,,2004,Kevin Whitfield,Managing Director,kevin@austinplumbing.com,,,trade_assoc
Phoenix Electrical Services Inc.,phoenixelectrical.com,Electrical Contracting,Phoenix,United States,8 employees,$1.4M,,Carol Coyle,Managing Director,info@phoenixelectrical.com,,,trade_assoc
Sacramento Staffing Solutions LLC,http://sacramentostaffing.com,Staffing & Recruiting,Sacramento,United States,21-31,$3.4M,2017,,Operations Manager,info@sacramentostaffing.com,,,chamber_export
Stanek & Ferraro Ltd,www.stanekferraro.com,Roofing,Dallas,United States,115-125,25407000,2013,Raymond Stanek,Office Manager,,+16875034644,,trade_assoc
Marchetti Staffing Co.,marchettistaffing.com,Staffing & Recruiting,Sacramento,United States,18 employees,,1972,David Marchetti,VP Operations,info@marchettistaffing.com,,linkedin.com/company/marchettistaffing,trade_assoc
IVERS ROOFING,https://www.iversroofing.com,Roofing,Tampa,United States,,2520100,2017,,President,,+18400115699,,chamber_export
Manchester Event Works,https://www.manchesterevent.com,Event Planning,Manchester,United Kingdom,120 employees,"27,325,320",,Nancy Bhatti,Owner,info@manchesterevent.com,(624) 369-4946,linkedin.com/company/manchesterevent,trade_assoc
Portland Plumbing Partners Inc,www.portlandplumbing.com,Plumbing,Portland,United States,120,13.30 million,1972,Raymond Pruitt,Founder,info@portlandplumbing.com,(948) 409-1344,linkedin.com/company/portlandplumbing,directory_q3
Sacramento Electrical Systems LLC,www.sacramentoelectrical.com,Electrical Contracting,Sacramento,United States,33-43,8.54 million,2009,Maria Ivers,General Manager,maria.ivers@gmail.com,+16822472487,linkedin.com/company/sacramentoelectrical,directory_q3
Whitfield & Kellerman LLC,www.whitfieldkellerman.com,Landscaping,Sacramento,United States,1-9,"$717,928",2017,Hector Whitfield,Founder,hector@whitfieldkellerman.com,(887) 444-5590,,directory_q3
Ivers Third,www.iversthird.com,Third Party Logistics,Denver,United States,45 employees,$5.4M,,James Ivers,Founder,james.ivers@gmail.com,(678) 940-3660,,chamber_export
Bhatti & Ivers Ltd,http://bhattiivers.com,Veterinary Services,Tampa,United States,1-9,0.78 million,2004,Frank Stanek,Managing Director,info@bhattiivers.com,,,trade_assoc
Barrett & Marchetti Inc.,http://barrettmarchetti.com,Real Estate Brokerage,Austin,United States,18 employees,"2,008,494",,,VP Operations,info@barrettmarchetti.com,(283) 348-4680,,directory_q3
Cardinal Event LLC,www.cardinalevent.com,Event Planning,Houston,United States,40-50,"$10,203,615",2004,Maria Muldoon,Founder,mmuldoon@cardinalevent.com,(599) 867-9882,linkedin.com/company/cardinalevent,trade_assoc
Granite Pest,https://www.granitepest.com,Pest Control,Tucson,United States,31 employees,3.49 million,,Linda Coyle,General Manager,info@granitepest.com,(951) 351-3763,,trade_assoc
Stanek & Muldoon LLC,stanekmuldoon.com,Pest Control,Manchester,United Kingdom,4,"$583,148",1991,Ruth Coyle,VP Operations,rcoyle@stanekmuldoon.com,+13072253164,,trade_assoc
Indianapolis Auto & Sons,www.indianapolisauto.com,Auto Repair,Indianapolis,United States,3-13,1459856,1984,Anne Kellerman,President,anne@indianapolisauto.com,+17298011620,linkedin.com/company/indianapolisauto,chamber_export
Coyle Precision Ltd,coyleprecision.com,Precision Machining,Tucson,United States,3-13,"1,193,024",,,Founder,contact@coyleprecision,(959) 469-9952,linkedin.com/company/coyleprecision,directory_q3
Renner & Vasquez Ltd,www.rennervasquez.com,Roofing,Houston,United States,26 employees,"5,231,616",2001,Robert Ferraro,Owner,,,linkedin.com/company/rennervasquez,directory_q3
Castellanos & Ashworth Inc.,https://www.castellanosashworth.com,Precision Machining,Columbus,United States,85,20333785,2009,James Castellanos,President,james.castellanos@gmail.com,(974) 453-9772,,directory_q3
Ferraro & Toussaint Inc.,www.ferrarotoussaint.com,Roofing,Phoenix,United States,45 employees,$10.3M,1991,James Ferraro,Operations Manager,jferraro@ferrarotoussaint.com,,,directory_q3
Kellerman Precision Co.,www.kellermanprecision.com,Precision Machining,Dallas,United States,8 employees,$1.6M,1984,Hector Kellerman,President,info@kellermanprecision.com,(704) 949-7514,linkedin.com/company/kellermanprecision,chamber_export
Orlando Accounting Contractors,www.orlandoaccounting.com,Accounting Services,Orlando,United States,,,2013,Kevin Pruitt,VP Operations,info@orlandoaccounting.com,(674) 405-7534,linkedin.com/company/orlandoaccounting,chamber_export
Orlando Dental Solutions,https://www.orlandodental.com,Dental Practice,Orlando,United States,85,,1984,Walter Castellanos,General Manager,wcastellanos@orlandodental.com,,,trade_assoc
Blue Ridge Digital LLC,http://blueridge.com,Digital Marketing Agency,Raleigh,United States,8,880112,2013,Maria Toussaint,Founder,maria.toussaint@gmail.com,+17892645829,,chamber_export
Bhatti & Pruitt Inc.,https://www.bhattipruitt.com,Auto Repair,Phoenix,United States,40-50,"$7,037,955",1991,,Operations Manager,abhatti@bhattipruitt.com,(364) 210-6450,,chamber_export
BARRETT & DELGADO,,Real Estate Brokerage,Cleveland,United States,,,2009,Thomas Lindqvist,Managing Director,,(789) 725-5924,,chamber_export
Harbor HVAC Inc.,https://www.harborhvac.com,HVAC,Charlotte,United States,22 employees,3.51 million,2001,Nancy Ivers,Managing Director,nivers@harborhvac.com,(627) 835-4021,,trade_assoc
Riverside Auto Inc.,riversideauto.com,Auto Repair,Nashville,United States,18 employees,"$4,178,970",,David Muldoon,Operations Manager,info@riversideauto.com,(525) 425-1984,linkedin.com/company/riversideauto,chamber_export
Bhatti & Delgado Inc.,bhattidelgado.com,Event Planning,Kansas City,United States,335-345,$48.0M,2013,Anne Bhatti,,contact@bhattidelgado,,,directory_q3
Ivers Dental Ltd,www.iversdental.com,Dental Practice,Phoenix,United States,45,8.49 million,,David Ivers,VP Operations,contact@iversdental,+16745750067,,directory_q3
Denver Real Services Ltd,https://www.denverreal.com,Real Estate Brokerage,Denver,United States,4,"$653,616",,David Ivers,Managing Director,info@denverreal.com,(630) 716-5223,,chamber_export
Toronto Roofing Works Inc.,torontoroofing.com,Roofing,Toronto,Canada,60 employees,6797880,1996,Hector Vasquez,Managing Director,hector@torontoroofing.com,,,trade_assoc
Stanek Real Co.,stanekreal.com,Real Estate Brokerage,Houston,United States,31,6708524,2017,,VP Operations,info@stanekreal.com,,,chamber_export
Stanek Metal LLC,www.stanekmetal.com,Metal Fabrication,Kansas City,United States,1-9,"602,552",,,Operations Manager,info@stanekmetal.com,+18293223154,,chamber_export
Nashville Precision Industries,www.nashvilleprecision.com,Precision Machining,Nashville,United States,85,,1972,Frank Ngo,VP Operations,frank.ngo@gmail.com,(923) 715-5311,,trade_assoc
Castellanos & Marchetti Ltd,www.castellanosmarchetti.com,Staffing & Recruiting,Milwaukee,United States,,"$5,448,364",2004,Kevin Castellanos,Owner,contact@castellanosmarchetti,(411) 483-7175,,chamber_export
Marchetti & Bhatti Co.,marchettibhatti.com,Digital Marketing Agency,Portland,United States,8 employees,1340328,,Sharon Marchetti,Office Manager,info@marchettibhatti.com,,,chamber_export
Riverside Pest Inc.,https://www.riversidepest.com,Pest Control,Houston,United States,45 employees,6831360,2009,,,ahalloran@riversidepest.com,(842) 308-2766,linkedin.com/company/riversidepest,chamber_export
Milwaukee Dental Group LLC,www.milwaukeedental.com,Dental Practice,Milwaukee,United States,335-345,65.34 million,2017,Walter Nakamura,President,wnakamura@milwaukeedental.com,+14739838207,linkedin.com/company/milwaukeedental,chamber_export
Granite Pest Inc.,http://granitepest.com,Pest Control,Raleigh,United States,190 employees,36718830,,Susan Coyle,Operations Manager,info@granitepest.com,+16952586509,,chamber_export
Ashworth & Toussaint LLC,http://ashworthtoussaint.com,Real Estate Brokerage,Houston,United States,60,9251160,1984,,General Manager,nmarchetti@ashworthtoussaint.com,(289) 995-4156,linkedin.com/company/ashworthtoussaint,trade_assoc
Renner & Delgado Inc.,http://rennerdelgado.com,Auto Repair,Raleigh,United States,185-195,40.61 million,2013,Walter Renner,,wrenner@rennerdelgado.com,(638) 847-3245,linkedin.com/company/rennerdelgado,directory_q3
Manchester Third Partners Ltd,manchesterthird.com,Third Party Logistics,Manchester,United Kingdom,85,14911465,,Robert Ivers,,robert.ivers@gmail.com,(701) 670-3502,,trade_assoc
Vasquez & Castellanos Inc,http://vasquezcastellanos.com,Commercial Janitorial,Dallas,United States,8,1.37 million,2013,Linda Vasquez,Owner,linda@vasquezcastellanos.com,,linkedin.com/company/vasquezcastellanos,chamber_export
Stanek & Toussaint LLC,www.stanektoussaint.com,Digital Marketing Agency,Phoenix,United States,3-13,"891,192",2017,Robert Toussaint,Founder,info@stanektoussaint.com,(668) 742-6768,,directory_q3
Riverside Plumbing Inc.,riversideplumbing.com,Plumbing,Charlotte,United States,120 employees,$20.3M,2001,Patricia Muldoon,Operations Manager,info@riversideplumbing.com,+16784409578,,directory_q3
Milwaukee Veterinary & Sons Inc.,milwaukeeveterinary.com,Veterinary Services,Milwaukee,United States,8 employees,,,Hector Delgado,,hdelgado@milwaukeeveterinary.com,(468) 733-6080,linkedin.com/company/milwaukeeveterinary,directory_q3
Marchetti & Pruitt Inc,http://marchettipruitt.com,Dental Practice,Cleveland,United States,18 employees,$2.0M,1972,Dennis Marchetti,President,info@marchettipruitt.com,,,trade_assoc
Nakamura Veterinary Co.,https://www.nakamuraveterinary.com,Veterinary Services,Sacramento,United States,26 employees,"2,533,180",1972,,General Manager,info@nakamuraveterinary.com,(760) 364-9008,,directory_q3
Stanek & Okonkwo,stanekokonkwo.com,Waste Management,Columbus,United States,55-65,"$8,900,880",2013,Robert Stanek,Founder,info@stanekokonkwo.com,(592) 637-9150,,directory_q3
Denver Veterinary Company Inc,https://www.denverveterinary.com,Veterinary Services,Denver,United States,26,5.11 million,,Maria Lindqvist,VP Operations,maria.lindqvist@gmail.com,,linkedin.com/company/denverveterinary,directory_q3
Silverline Veterinary,www.silverlineveterinary.com,Veterinary Services,Kansas City,United States,45 employees,,1972,David Ngo,President,david@silverlineveterinary.com,(405) 206-1023,linkedin.com/company/silverlineveterinary,directory_q3
Okonkwo Metal LLC,https://www.okonkwometal.com,Metal Fabrication,Dallas,United States,18,2.81 million,2013,Donna Ngo,Operations Manager,info@okonkwometal.com,+17066769387,,trade_assoc
Sacramento Event Systems Co.,sacramentoevent.com,Event Planning,Sacramento,United States,31,"6,650,895",1991,Hector Marchetti,,hmarchetti@sacramentoevent.com,+17120943078,linkedin.com/company/sacramentoevent,trade_assoc
Marchetti Veterinary LLC,marchettiveterinary.com,Veterinary Services,Dallas,United States,45 employees,4110885,2004,David Okonkwo,,dokonkwo@marchettiveterinary.com,,,trade_assoc
Ivers Commercial LLC,http://iverscommercial.com,Commercial Janitorial,Milwaukee,United States,,$1.8M,1984,Frank Ivers,VP Operations,frank.ivers@gmail.com,(783) 524-1417,,trade_assoc
Stanek Staffing Inc.,http://stanekstaffing.com,Staffing & Recruiting,Sacramento,United States,17-27,"$5,155,832",1972,,VP Operations,rstanek@stanekstaffing.com,+13305677649,linkedin.com/company/stanekstaffing,chamber_export
Houston Waste Systems Inc.,www.houstonwaste.com,Waste Management,Houston,United States,12 employees,$1.4M,1984,Linda Okonkwo,General Manager,contact@houstonwaste,+17264859166,,trade_assoc
RIVERSIDE AUTO,riversideauto.com,Auto Repair,Nashville,United States,,"$4,178,970",,David Muldoon,Operations Manager,,(525) 425-1984,linkedin.com/company/riversideauto,chamber_export
Cardinal Plumbing Co.,https://www.cardinalplumbing.com,Plumbing,Denver,United States,13-23,2227158,2021,David Coyle,Founder,info@cardinalplumbing.com,(985) 350-3839,,directory_q3
Bhatti Landscaping LLC,bhattilandscaping.com,Landscaping,Kansas City,United States,80-90,"$14,233,590",2001,David Coyle,Managing Director,david@bhattilandscaping.com,(657) 991-3217,,directory_q3
Milwaukee Staffing Partners,www.milwaukeestaffing.com,Staffing & Recruiting,Milwaukee,United States,22 employees,,2017,Walter Whitfield,Owner,info@milwaukeestaffing.com,+15288873276,,trade_assoc
Ironwood Accounting Ltd,http://ironwoodaccounting.com,Accounting Services,Columbus,United States,4 employees,"$931,884",2009,Susan Barrett,Managing Director,info@ironwoodaccounting.com,,linkedin.com/company/ironwoodaccounting,chamber_export
Ashworth Software LLC,ashworthsoftware.com,Software Consulting,Raleigh,United States,60,10.90 million,2009,Thomas Ashworth,Managing Director,info@ashworthsoftware.com,(907) 272-3010,,directory_q3
Barrett Precision Ltd,www.barrettprecision.com,Precision Machining,Orlando,United States,22 employees,,2021,,General Manager,mbarrett@barrettprecision.com,+12026579078,linkedin.com/company/barrettprecision,trade_assoc
Indianapolis Roofing Solutions Inc.,www.indianapolisroofing.com,Roofing,Indianapolis,United States,,1360152,2021,Raymond Kellerman,President,raymond@indianapolisroofing.com,+13954045851,linkedin.com/company/indianapolisroofing,chamber_export
Renner Waste Co.,www.rennerwaste.com,Waste Management,Nashville,United States,8,1.47 million,,Gloria Renner,Operations Manager,info@rennerwaste.com,+15441409817,linkedin.com/company/rennerwaste,chamber_export
Silverline Landscaping,https://www.silverlinelandscaping.com,Landscaping,Tampa,United States,26 employees,,,Ruth Whitfield,Managing Director,info@silverlinelandscaping.com,+15538883641,linkedin.com/company/silverlinelandscaping,trade_assoc
Cardinal Real Co.,cardinalreal.com,Real Estate Brokerage,Tampa,United States,31 employees,$7.0M,2004,Linda Nakamura,Office Manager,info@cardinalreal.com,+12873228525,linkedin.com/company/cardinalreal,directory_q3
Granite Third LLC,http://granitethird.com,Third Party Logistics,Cleveland,United States,45 employees,,,Susan Okonkwo,Office Manager,sokonkwo@granitethird.com,(425) 467-7161,,directory_q3
Ngo Roofing Co.,ngoroofing.com,Roofing,Columbus,United States,80-90,$12.9M,1991,Sharon Ngo,Owner,contact@ngoroofing,(803) 216-5489,linkedin.com/company/ngoroofing,directory_q3
Riverside Third LLC,riversidethird.com,Third Party Logistics,Phoenix,United States,18,2989746,2021,David Ashworth,Founder,dashworth@riversidethird.com,+13014614115,,chamber_export
Phoenix Dental & Sons Co.,phoenixdental.com,Dental Practice,Phoenix,United States,12 employees,,1996,David Castellanos,President,dcastellanos@phoenixdental.com,,,chamber_export
Indianapolis Accounting Company,http://indianapolisaccounting.com,Accounting Services,Indianapolis,United States,22,4.48 million,2021,Nancy Muldoon,Operations Manager,nmuldoon@indianapolisaccounting.com,+12341316642,,trade_assoc
Kellerman & Whitfield LLC,https://www.kellermanwhitfield.com,Plumbing,Portland,United States,4,0.92 million,2004,Maria Kellerman,Founder,info@kellermanwhitfield.com,(945) 668-5116,linkedin.com/company/kellermanwhitfield,directory_q3
Ferraro & Bhatti Ltd,https://www.ferrarobhatti.com,Third Party Logistics,Phoenix,United States,12 employees,"$2,310,888",1991,David Ferraro,Operations Manager,david.ferraro@gmail.com,+14037204363,,trade_assoc
Harbor Event Inc,http://harborevent.com,Event Planning,Toronto,Canada,12,,,Linda Toussaint,,info@harborevent.com,,linkedin.com/company/harborevent,chamber_export
Houston Dental Group,,Dental Practice,Houston,United States,,$0.9M,1972,Anne Ferraro,General Manager,,+18988924996,,chamber_export
Toussaint & Renner Inc.,www.toussaintrenner.com,Software Consulting,Nashville,United States,38 employees,8539816,2021,Nancy Castellanos,Founder,ncastellanos@toussaintrenner.com,(966) 346-7828,,chamber_export
Sacramento Event Group Inc,https://www.sacramentoevent.com,Event Planning,Sacramento,United States,13-23,$4.2M,1984,James Coyle,VP Operations,jcoyle@sacramentoevent.com,+17555465544,linkedin.com/company/sacramentoevent,directory_q3
Coyle Electrical,https://www.coyleelectrical.com,Electrical Contracting,Kansas City,United States,13-23,2.80 million,2017,,President,gcoyle@coyleelectrical.com,+15077344425,linkedin.com/company/coyleelectrical,chamber_export
Cleveland Accounting Services,www.clevelandaccounting.com,Accounting Services,Cleveland,United States,33-43,$4.9M,,Anne Castellanos,Founder,,+19704105695,linkedin.com/company/clevelandaccounting,trade_assoc
Portland Pest & Sons LLC,http://portlandpest.com,Pest Control,Portland,United States,60 employees,,2017,Thomas Bhatti,General Manager,contact@portlandpest,(482) 312-9162,linkedin.com/company/portlandpest,trade_assoc
Harbor Metal Inc.,https://www.harbormetal.com,Metal Fabrication,Indianapolis,United States,8 employees,1445376,,Dennis Delgado,Founder,contact@harbormetal,+17870878587,,chamber_export
Kansas City Plumbing Group Inc,https://www.kansascity.com,Plumbing,Kansas City,United States,85,,2009,Frank Muldoon,General Manager,frank@kansascity.com,(837) 844-6257,,directory_q3
Barrett & Delgado LLC,barrettdelgado.com,Real Estate Brokerage,Cleveland,United States,190,,2009,Thomas Lindqvist,Managing Director,tlindqvist@barrettdelgado.com,(789) 725-5924,,chamber_export
Renner Digital Inc,www.rennerdigital.com,Digital Marketing Agency,Nashville,United States,45 employees,,2004,Donna Renner,Office Manager,drenner@rennerdigital.com,,,trade_assoc
Ivers Third LLC,iversthird.com,Third Party Logistics,Houston,United States,33-43,8.50 million,1996,Frank Ivers,,info@iversthird.com,,,directory_q3
Nakamura Auto,www.nakamuraauto.com,Auto Repair,Phoenix,United States,335-345,"$54,584,960",,Dennis Nakamura,VP Operations,dennis.nakamura@gmail.com,+15368143484,,trade_assoc
Marchetti Staffing Ltd,www.marchettistaffing.com,Staffing & Recruiting,Toronto,Canada,85,18.20 million,2004,Ruth Marchetti,Owner,rmarchetti@marchettistaffing.com,+18761287704,,trade_assoc
Harbor HVAC Inc,https://www.harborhvac.com,HVAC,Orlando,United States,26 employees,,2004,Dennis Ngo,,dennis@harborhvac.com,(661) 267-8058,,directory_q3
RALEIGH HVAC SYSTEMS CO.,http://raleighhvac.com,HVAC,Raleigh,United States,,4.26 million,,Donna Bhatti,Office Manager,,,linkedin.com/company/raleighhvac,chamber_export
Renner & Pruitt Co.,http://rennerpruitt.com,Precision Machining,Portland,United States,40-50,"$5,219,820",2009,,Founder,wmarchetti@rennerpruitt.com,+14556820354,linkedin.com/company/rennerpruitt,chamber_export
Bhatti Electrical Ltd,http://bhattielectrical.com,Electrical Contracting,Cleveland,United States,1-9,382764,1991,,Operations Manager,anne.bhatti@gmail.com,(412) 577-8459,linkedin.com/company/bhattielectrical,trade_assoc
Kellerman & Muldoon Co.,http://kellermanmuldoon.com,Staffing & Recruiting,Charlotte,United States,8 employees,,1972,Anne Ivers,Owner,anne@kellermanmuldoon.com,,linkedin.com/company/kellermanmuldoon,directory_q3
Ironwood Auto Inc.,https://www.ironwoodauto.com,Auto Repair,Tampa,United States,31 employees,5855621,2013,Maria Marchetti,Owner,info@ironwoodauto.com,+16780724812,,chamber_export
Halloran & Nakamura Inc.,http://hallorannakamura.com,Pest Control,Nashville,United States,4 employees,"765,508",2001,Donna Halloran,President,donna.halloran@gmail.com,(913) 868-8063,linkedin.com/company/hallorannakamura,trade_assoc
Silverline Plumbing Co.,www.silverlineplumbing.com,Plumbing,Indianapolis,United States,60,$10.6M,,James Ashworth,Founder,jashworth@silverlineplumbing.com,+13168970678,linkedin.com/company/silverlineplumbing,directory_q3
Granite Roofing Inc.,https://www.graniteroofing.com,Roofing,Dallas,United States,,360276,2001,James Ngo,Operations Manager,jngo@graniteroofing.com,(618) 584-8165,,chamber_export
Kellerman Dental LLC,https://www.kellermandental.com,Dental Practice,Austin,United States,26-36,"6,443,505",2017,Gloria Kellerman,Founder,gkellerman@kellermandental.com,,,trade_assoc
Renner & Ashworth Ltd,www.rennerashworth.com,Precision Machining,Austin,United States,85 employees,"8,591,715",1984,Nancy Renner,General Manager,nrenner@rennerashworth.com,(731) 919-6413,linkedin.com/company/rennerashworth,trade_assoc
Phoenix Event Company Ltd,http://phoenixevent.com,Event Planning,Phoenix,United States,7-17,"$2,530,068",,Miguel Whitfield,General Manager,,(523) 487-1558,linkedin.com/company/phoenixevent,directory_q3
Dallas Staffing Company,dallasstaffing.com,Staffing & Recruiting,Dallas,United States,18 employees,1.62 million,2013,Sharon Stanek,Founder,sstanek@dallasstaffing.com,(438) 629-6997,linkedin.com/company/dallasstaffing,directory_q3
Indianapolis Real Industries Inc,indianapolisreal.com,Real Estate Brokerage,Indianapolis,United States,7-17,2.38 million,2017,Maria Kellerman,Managing Director,mkellerman@indianapolisreal.com,(563) 823-6653,,chamber_export
Halloran Auto Inc.,http://halloranauto.com,Auto Repair,Columbus,United States,1-9,$0.4M,,Gloria Halloran,VP Operations,ghalloran@halloranauto.com,(458) 557-9286,,trade_assoc
Pruitt Real Inc.,https://www.pruittreal.com,Real Estate Brokerage,Phoenix,United States,120,11335320,2009,Anne Pruitt,Office Manager,anne.pruitt@gmail.com,,linkedin.com/company/pruittreal,directory_q3
Cardinal HVAC Co.,https://www.cardinalhvac.com,HVAC,Nashville,United States,40-50,$8.2M,,Donna Whitfield,Office Manager,donna@cardinalhvac.com,(626) 775-8909,,chamber_export
Dallas Metal Contractors LLC,dallasmetal.com,Metal Fabrication,Dallas,United States,60 employees,9.80 million,,Maria Ashworth,Owner,maria@dallasmetal.com,+17452329623,,directory_q3
Charlotte Roofing Systems Co.,http://charlotteroofing.com,Roofing,Charlotte,United States,13-23,$3.2M,2009,Walter Whitfield,Managing Director,walter.whitfield@gmail.com,(389) 526-8209,linkedin.com/company/charlotteroofing,trade_assoc
Okonkwo & Ivers Inc.,https://www.okonkwoivers.com,Staffing & Recruiting,Kansas City,United States,4 employees,,2009,Susan Lindqvist,President,susan.lindqvist@gmail.com,+13217647691,,directory_q3
Silverline Veterinary,,Veterinary Services,Kansas City,United States,,,1972,David Ngo,President,,(405) 206-1023,linkedin.com/company/silverlineveterinary,chamber_export
Nakamura & Ashworth Ltd,https://www.nakamuraashworth.com,Real Estate Brokerage,Sacramento,United States,26,5039372,1996,Patricia Nakamura,VP Operations,pnakamura@nakamuraashworth.com,+18112759833,,trade_assoc
Stanek Metal Inc.,https://www.stanekmetal.com,Metal Fabrication,Denver,United States,190,26.18 million,2004,David Okonkwo,President,,,,directory_q3
Delgado Dental Inc,delgadodental.com,Dental Practice,Tucson,United States,18,"$4,212,144",2009,,Owner,ruth@delgadodental.com,+14056374903,,directory_q3
Lindqvist Real,http://lindqvistreal.com,Real Estate Brokerage,Raleigh,United States,18,$2.4M,,Hector Whitfield,Owner,,+13489856359,linkedin.com/company/lindqvistreal,directory_q3
Manchester Real Solutions Ltd,https://www.manchesterreal.com,Real Estate Brokerage,Manchester,United Kingdom,31 employees,"4,010,253",,,Managing Director,info@manchesterreal.com,+17815255884,,trade_assoc
Dallas Staffing Services,dallasstaffing.com,Staffing & Recruiting,Dallas,United States,17-27,2.82 million,2001,Miguel Ferraro,Managing Director,miguel.ferraro@gmail.com,(714) 306-7009,linkedin.com/company/dallasstaffing,directory_q3
Indianapolis Software Works Inc,https://www.indianapolissoftware.com,Software Consulting,Indianapolis,United States,,"9,071,820",2017,Kevin Ferraro,President,kevin@indianapolissoftware.com,+16862957452,linkedin.com/company/indianapolissoftware,trade_assoc
Marchetti & Whitfield LLC,http://marchettiwhitfield.com,Landscaping,Indianapolis,United States,120 employees,"$10,889,880",,Anne Okonkwo,VP Operations,aokonkwo@marchettiwhitfield.com,(777) 282-4719,,directory_q3
Dallas Precision Solutions Co.,http://dallasprecision.com,Precision Machining,Dallas,United States,45 employees,$4.1M,1991,,,nancy@dallasprecision.com,(284) 733-9304,linkedin.com/company/dallasprecision,chamber_export
SUMMIT METAL,summitmetal.com,Metal Fabrication,Dallas,United States,,,2009,,General Manager,,,,chamber_export
Barrett & Castellanos Co.,http://barrettcastellanos.com,Third Party Logistics,Tucson,United States,,,2001,David Barrett,General Manager,dbarrett@barrettcastellanos.com,+19599124026,,directory_q3
Toussaint & Delgado Co.,https://www.toussaintdelgado.com,Staffing & Recruiting,Houston,United States,31 employees,"$4,163,424",2017,Raymond Toussaint,VP Operations,contact@toussaintdelgado,+18925466592,linkedin.com/company/toussaintdelgado,trade_assoc
Ashworth HVAC Inc,https://www.ashworthhvac.com,HVAC,Indianapolis,United States,8,1502288,2004,David Ashworth,Owner,info@ashworthhvac.com,+14752917350,linkedin.com/company/ashworthhvac,trade_assoc
Kellerman HVAC,https://www.kellermanhvac.com,HVAC,Columbus,United States,31 employees,$4.7M,,Anne Kellerman,Managing Director,akellerman@kellermanhvac.com,(290) 910-9761,linkedin.com/company/kellermanhvac,directory_q3
Austin Third & Sons Inc,austinthird.com,Third Party Logistics,Austin,United States,,"663,852",1996,Donna Ashworth,Office Manager,info@austinthird.com,+16295981949,linkedin.com/company/austinthird,chamber_export
Toronto Electrical Industries,https://www.torontoelectrical.com,Electrical Contracting,Toronto,Canada,12 employees,2.06 million,1996,Sharon Ngo,Operations Manager,sharon@torontoelectrical.com,,,directory_q3
Houston Auto Solutions Inc.,www.houstonauto.com,Auto Repair,Houston,United States,4 employees,"$658,252",2004,Ruth Barrett,Managing Director,info@houstonauto.com,(243) 714-8795,linkedin.com/company/houstonauto,trade_assoc
Nakamura & Whitfield LLC,www.nakamurawhitfield.com,HVAC,Austin,United States,7-17,1.16 million,,Raymond Ivers,Office Manager,raymond@nakamurawhitfield.com,(884) 953-3899,,trade_assoc
Ironwood Accounting Inc,ironwoodaccounting.com,Accounting Services,Dallas,United States,340,48608100,2013,Gloria Ivers,Office Manager,gloria.ivers@gmail.com,(907) 524-3578,,directory_q3
Milwaukee Veterinary Services Inc,www.milwaukeeveterinary.com,Veterinary Services,Milwaukee,United States,85 employees,19.51 million,2004,Carol Halloran,President,,+12598487173,,trade_assoc
Denver Staffing & Sons Co.,denverstaffing.com,Staffing & Recruiting,Denver,United States,31 employees,"$7,017,501",2001,David Toussaint,Office Manager,,,,chamber_export
Kellerman Digital,https://www.kellermandigital.com,Digital Marketing Agency,Kansas City,United States,,$23.7M,2013,Kevin Barrett,Operations Manager,kbarrett@kellermandigital.com,(492) 893-7986,,trade_assoc
Riverside Software LLC,https://www.riversidesoftware.com,Software Consulting,Columbus,United States,190,,,James Vasquez,President,jvasquez@riversidesoftware.com,(231) 755-5597,,trade_assoc
Whitfield & Vasquez Inc,www.whitfieldvasquez.com,Pest Control,Orlando,United States,31,$2.8M,1984,Ruth Whitfield,Owner,contact@whitfieldvasquez,(680) 666-3602,,trade_assoc
Milwaukee Electrical Partners Co.,https://www.milwaukeeelectrical.com,Electrical Contracting,Milwaukee,United States,60 employees,"6,718,320",,Raymond Castellanos,Founder,raymond@milwaukeeelectrical.com,+14052603472,linkedin.com/company/milwaukeeelectrical,chamber_export
Pruitt Digital,https://www.pruittdigital.com,Digital Marketing Agency,Kansas City,United States,60,5.96 million,2021,,Managing Director,frank@pruittdigital.com,+13556857008,linkedin.com/company/pruittdigital,trade_assoc
Silverline Waste,silverlinewaste.com,Waste Management,Indianapolis,United States,31,,1972,Kevin Whitfield,VP Operations,info@silverlinewaste.com,(589) 929-9332,,directory_q3
Stanek Landscaping Inc.,http://staneklandscaping.com,Landscaping,Dallas,United States,60,$13.1M,1972,Dennis Stanek,Founder,dstanek@staneklandscaping.com,(602) 511-8272,linkedin.com/company/staneklandscaping,directory_q3
Tucson Accounting Partners Ltd,www.tucsonaccounting.com,Accounting Services,Tucson,United States,340,45.58 million,2004,,,lvasquez@tucsonaccounting.com,+12232997062,,trade_assoc
Kellerman Auto Inc.,kellermanauto.com,Auto Repair,Charlotte,United States,12,"2,859,516",2013,Miguel Kellerman,President,mkellerman@kellermanauto.com,,linkedin.com/company/kellermanauto,chamber_export
Whitfield & Okonkwo Co.,https://www.whitfieldokonkwo.com,Third Party Logistics,Columbus,United States,55-65,$5.5M,2013,Miguel Whitfield,President,mwhitfield@whitfieldokonkwo.com,(971) 934-2303,linkedin.com/company/whitfieldokonkwo,directory_q3
Ironwood Precision,www.ironwoodprecision.com,Precision Machining,Manchester,United Kingdom,18,3269214,2009,Susan Vasquez,Operations Manager,svasquez@ironwoodprecision.com,,,directory_q3
Vasquez Veterinary LLC,vasquezveterinary.com,Veterinary Services,Raleigh,United States,12,$2.7M,2001,Nancy Ferraro,Managing Director,info@vasquezveterinary.com,+18288288128,,chamber_export
Ironwood Plumbing Inc.,https://www.ironwoodplumbing.com,Plumbing,Columbus,United States,60 employees,11.21 million,2009,Raymond Ivers,President,info@ironwoodplumbing.com,(264) 556-9349,linkedin.com/company/ironwoodplumbing,directory_q3
Nashville Metal Partners Inc.,https://www.nashvillemetal.com,Metal Fabrication,Nashville,United States,8 employees,"$1,024,848",,Kevin Coyle,Office Manager,kcoyle@nashvillemetal.com,(362) 651-9371,,directory_q3
Whitfield & Delgado Ltd,http://whitfielddelgado.com,Event Planning,Portland,United States,60 employees,"$14,241,360",2001,Kevin Whitfield,Founder,kwhitfield@whitfielddelgado.com,,,chamber_export
Coyle & Ferraro LLC,https://www.coyleferraro.com,Commercial Janitorial,Columbus,United States,115-125,"22,724,400",,Kevin Ashworth,Owner,info@coyleferraro.com,+16793499961,,chamber_export
Raleigh Digital & Sons LLC,raleighdigital.com,Digital Marketing Agency,Raleigh,United States,22,$2.7M,2013,,Office Manager,ndelgado@raleighdigital.com,,,trade_assoc
Phoenix Precision Works Co.,phoenixprecision.com,Precision Machining,Phoenix,United States,120,11.57 million,2013,Nancy Vasquez,Owner,nvasquez@phoenixprecision.com,(712) 541-7338,,chamber_export
Dallas Electrical Industries,dallaselectrical.com,Electrical Contracting,Dallas,United States,45 employees,9.16 million,2001,David Castellanos,Owner,dcastellanos@dallaselectrical.com,,,trade_assoc
Riverside Plumbing Co.,www.riversideplumbing.com,Plumbing,Columbus,United States,85,$10.7M,,,Founder,,(640) 432-1696,linkedin.com/company/riversideplumbing,trade_assoc
GRANITE THIRD,,Third Party Logistics,Cleveland,United States,,,,Susan Okonkwo,Office Manager,,(425) 467-7161,,chamber_export
Marchetti Accounting LLC,https://www.marchettiaccounting.com,Accounting Services,Tucson,United States,26-36,5.76 million,2017,,Operations Manager,maria.marchetti@gmail.com,,,chamber_export
Marchetti Digital Ltd,www.marchettidigital.com,Digital Marketing Agency,Tampa,United States,,"794,984",1991,Thomas Marchetti,Founder,thomas@marchettidigital.com,(588) 344-2887,,trade_assoc
Columbus Software Partners LLC,www.columbussoftware.com,Software Consulting,Columbus,United States,,"4,443,013",2004,,,,+15070850257,,directory_q3
Blue Ridge Accounting Ltd,https://www.blueridge.com,Accounting Services,Phoenix,United States,85 employees,"$19,110,380",1972,,Managing Director,,,,chamber_export
Ivers Waste Inc,iverswaste.com,Waste Management,Portland,United States,115-125,$21.9M,1984,Carol Ivers,Managing Director,info@iverswaste.com,+17723415556,linkedin.com/company/iverswaste,chamber_export
Granite Digital LLC,granitedigital.com,Digital Marketing Agency,Orlando,United States,18 employees,"2,410,110",2017,Miguel Whitfield,Managing Director,mwhitfield@granitedigital.com,+14523067570,,trade_assoc
Halloran & Ivers LLC,halloranivers.com,Digital Marketing Agency,Manchester,United Kingdom,340,$67.6M,2021,,,sharon@halloranivers.com,+18805017714,,chamber_export
Delgado & Barrett Inc,https://www.delgadobarrett.com,Third Party Logistics,Orlando,United States,40-50,"$10,072,260",2009,Gloria Okonkwo,President,gloria@delgadobarrett.com,,,directory_q3
Ivers & Nakamura,www.iversnakamura.com,Real Estate Brokerage,Tucson,United States,26,,,Raymond Ivers,Operations Manager,raymond@iversnakamura.com,(278) 893-5583,,trade_assoc
Delgado & Vasquez Ltd,https://www.delgadovasquez.com,Software Consulting,Tucson,United States,13-23,3.99 million,1996,,General Manager,walter@delgadovasquez.com,(768) 298-9516,,directory_q3
Riverside Software,https://www.riversidesoftware.com,Software Consulting,Columbus,United States,,,,James Vasquez,President,,(231) 755-5597,,chamber_export
Delgado & Barrett LLC,delgadobarrett.com,Electrical Contracting,Austin,United States,22,,1991,Susan Delgado,Managing Director,sdelgado@delgadobarrett.com,,linkedin.com/company/delgadobarrett,chamber_export
Delgado & Ashworth Inc,www.delgadoashworth.com,Staffing & Recruiting,Charlotte,United States,26-36,,1972,,General Manager,info@delgadoashworth.com,+12058624452,linkedin.com/company/delgadoashworth,chamber_export
Vasquez & Whitfield Inc.,vasquezwhitfield.com,Electrical Contracting,Tucson,United States,18 employees,"$3,740,796",2004,Frank Vasquez,General Manager,fvasquez@vasquezwhitfield.com,(749) 589-3181,,trade_assoc
Barrett & Whitfield Ltd,http://barrettwhitfield.com,HVAC,Charlotte,United States,18,1.63 million,,Hector Barrett,Office Manager,hector.barrett@gmail.com,(238) 619-7678,linkedin.com/company/barrettwhitfield,directory_q3
Nakamura Pest Ltd,www.nakamurapest.com,Pest Control,Houston,United States,60,"9,704,400",,Susan Ivers,Operations Manager,info@nakamurapest.com,+17236664086,,directory_q3
Ivers & Renner Inc.,https://www.iversrenner.com,Electrical Contracting,Milwaukee,United States,85 employees,20.19 million,2001,,Managing Director,info@iversrenner.com,(962) 232-1686,,directory_q3
Kellerman & Okonkwo Co.,http://kellermanokonkwo.com,Precision Machining,Raleigh,United States,,7326172,,,Office Manager,susan.delgado@gmail.com,+14161333077,linkedin.com/company/kellermanokonkwo,chamber_export
Coyle & Ashworth,coyleashworth.com,Accounting Services,Tucson,United States,31,6.32 million,,,President,ccoyle@coyleashworth.com,+16088400708,linkedin.com/company/coyleashworth,directory_q3
Cardinal Commercial Inc,cardinalcommercial.com,Commercial Janitorial,Cleveland,United States,7-17,2.52 million,1996,Patricia Castellanos,Managing Director,,+17547068926,linkedin.com/company/cardinalcommercial,trade_assoc
Barrett Event,www.barrettevent.com,Event Planning,Nashville,United States,,,1984,Sharon Barrett,Managing Director,info@barrettevent.com,(728) 572-1482,,chamber_export
Barrett & Toussaint Inc.,http://barretttoussaint.com,Pest Control,Indianapolis,United States,80-90,"$15,631,670",,Ruth Halloran,Office Manager,ruth@barretttoussaint.com,(342) 833-9032,,directory_q3
Manchester Metal Systems Inc,https://www.manchestermetal.com,Metal Fabrication,Manchester,United Kingdom,120,15.33 million,,,,rkellerman@manchestermetal.com,+17788739228,linkedin.com/company/manchestermetal,directory_q3
Kellerman Dental Co.,www.kellermandental.com,Dental Practice,Phoenix,United States,45,,,Donna Kellerman,Founder,info@kellermandental.com,+12636989492,linkedin.com/company/kellermandental,chamber_export
Silverline Electrical Co.,www.silverlineelectrical.com,Electrical Contracting,Orlando,United States,60,11561340,2004,Thomas Barrett,,tbarrett@silverlineelectrical.com,+14986249296,,directory_q3
Ironwood Software Co.,www.ironwoodsoftware.com,Software Consulting,Tucson,United States,18,2604492,1991,,Founder,dashworth@ironwoodsoftware.com,(220) 271-6009,,chamber_export
Kansas City Auto & Sons Ltd,kansascity.com,Auto Repair,Kansas City,United States,8,"$1,539,976",,Hector Coyle,Founder,hector.coyle@gmail.com,(732) 743-5891,linkedin.com/company/kansascity,chamber_export
Whitfield Auto Inc,http://whitfieldauto.com,Auto Repair,Toronto,Canada,60,8398440,2017,Linda Whitfield,,linda@whitfieldauto.com,+14477405775,,directory_q3
Ngo Event LLC,www.ngoevent.com,Event Planning,Kansas City,United States,85,"15,569,450",2013,James Ngo,Owner,info@ngoevent.com,,linkedin.com/company/ngoevent,trade_assoc
Pruitt & Stanek,http://pruittstanek.com,HVAC,Phoenix,United States,18 employees,$3.4M,2004,Gloria Pruitt,Operations Manager,gloria.pruitt@gmail.com,(409) 419-8440,,chamber_export
Cardinal HVAC LLC,http://cardinalhvac.com,HVAC,Sacramento,United States,115-125,,2017,Miguel Nakamura,Operations Manager,mnakamura@cardinalhvac.com,+13972024156,,chamber_export
Silverline Commercial,https://www.silverlinecommercial.com,Commercial Janitorial,Phoenix,United States,,"$14,290,560",1984,Thomas Ferraro,Office Manager,,(221) 660-1099,linkedin.com/company/silverlinecommercial,chamber_export
Ironwood Software LLC,https://www.ironwoodsoftware.com,Software Consulting,Indianapolis,United States,13-23,"$4,181,382",2021,Gloria Ivers,Operations Manager,gloria@ironwoodsoftware.com,(941) 305-7451,linkedin.com/company/ironwoodsoftware,directory_q3
Kellerman & Muldoon LLC,https://www.kellermanmuldoon.com,Metal Fabrication,Austin,United States,21-31,4.69 million,2013,Patricia Ngo,General Manager,info@kellermanmuldoon.com,+15426910382,,directory_q3
Vasquez Waste Inc,https://www.vasquezwaste.com,Waste Management,Charlotte,United States,12 employees,"$2,645,604",2021,Donna Vasquez,Founder,donna.vasquez@gmail.com,+14231554617,linkedin.com/company/vasquezwaste,trade_assoc
Nakamura & Barrett Co.,,Waste Management,Phoenix,United States,,7886610,2021,Gloria Nakamura,,,(227) 667-2142,linkedin.com/company/nakamurabarrett,chamber_export
Sacramento Electrical Services Ltd,https://www.sacramentoelectrical.com,Electrical Contracting,Sacramento,United States,7-17,$2.0M,2004,,Founder,sharon@sacramentoelectrical.com,(634) 262-4256,linkedin.com/company/sacramentoelectrical,directory_q3
Ferraro & Bhatti Co.,www.ferrarobhatti.com,Accounting Services,Raleigh,United States,,"$2,321,616",2013,Anne Ferraro,Owner,aferraro@ferrarobhatti.com,(237) 402-5108,linkedin.com/company/ferrarobhatti,directory_q3
Vasquez & Stanek Ltd,https://www.vasquezstanek.com,Electrical Contracting,Columbus,United States,38,"$8,579,488",2001,Dennis Vasquez,Operations Manager,dennis@vasquezstanek.com,(360) 390-5777,,directory_q3
Granite HVAC Inc,http://granitehvac.com,HVAC,Indianapolis,United States,,"$916,264",,Sharon Ivers,Owner,sivers@granitehvac.com,(248) 362-6221,,trade_assoc
Toronto Landscaping Group Inc.,https://www.torontolandscaping.com,Landscaping,Toronto,Canada,4,0.80 million,,Raymond Delgado,Founder,,+18402788052,,chamber_export
Silverline Waste Co.,silverlinewaste.com,Waste Management,Charlotte,United States,85,14.84 million,1972,,VP Operations,info@silverlinewaste.com,+13534509537,linkedin.com/company/silverlinewaste,trade_assoc
Ngo & Delgado Inc,ngodelgado.com,Landscaping,Indianapolis,United States,45 employees,10.79 million,1991,Gloria Ngo,Managing Director,,(888) 219-3935,linkedin.com/company/ngodelgado,directory_q3
Whitfield & Toussaint Inc.,https://www.whitfieldtoussaint.com,HVAC,Columbus,United States,8,"1,853,672",2017,Hector Ferraro,,hferraro@whitfieldtoussaint.com,+17800402119,,chamber_export
Renner & Vasquez Ltd,,Roofing,Houston,United States,,"5,231,616",2001,Robert Ferraro,Owner,,,linkedin.com/company/rennervasquez,chamber_export
Kellerman Auto Ltd,http://kellermanauto.com,Auto Repair,Kansas City,United States,60,13992480,1972,Linda Kellerman,Owner,info@kellermanauto.com,+17898190252,,directory_q3
Cardinal Roofing Ltd,,Roofing,Nashville,United States,,1577576,2001,Hector Ngo,,,+13665328980,linkedin.com/company/cardinalroofing,chamber_export
Nakamura & Coyle Co.,http://nakamuracoyle.com,Auto Repair,Phoenix,United States,1-9,"461,908",1972,Patricia Nakamura,Managing Director,info@nakamuracoyle.com,+15045905448,linkedin.com/company/nakamuracoyle,chamber_export
Orlando Veterinary Contractors Ltd,https://www.orlandoveterinary.com,Veterinary Services,Orlando,United States,18,"$2,137,572",2013,,President,mdelgado@orlandoveterinary.com,(591) 750-6846,,chamber_export
